,phuong phap,time,w1,w0,
0,numpy,0.0052582,2.982843658,4.011846951,
1,scikit-learn,0.003858,2.982843658,4.011846951,
2,GD,0.0049181,2.955501936,4.026104949,
,,,,,
