,phuong phap,time,w1,w0
0,numpy,0.014765899999474641,3.0042871367058197,3.9933367816382592
1,scikit-learn,0.013274199998704717,3.004287136705804,3.9933367816382743
2,GD,0.0069328999998106156,2.9768570310698386,4.008236312461704
3,keras,3.109240599998884,2.9999990463256836,4.012173652648926
